Albania,Europe
Algeria,Africa
Andorra,Europe
Argentina,South America
Armenia,Europe
Australia,Oceania
Austria,Europe
Bangladesh,Asia
Belarus,Europe
Belgium,Europe
Bosnia,Europe
Brazil,South America
Bulgaria,Europe
Burkina Faso,Africa
Canada,North America
Canada French,North America
Chile,South America
China,Asia
Colombia,South America
Costa Rica,Central America
Croatia,Europe
Cyprus,Europe
Czech Rep,Europe
Denmark,Europe
Dominican Rep,Central America
Ecuador,South America
Egypt,Africa
El Salvador,Central America
Estonia,Europe
Ethiopia,Africa
Finland,Europe
France,Europe
Germany,Europe
Germany East,Europe
Ghana,Africa
Great Britain,Europe
Greece,Europe
Guatemala,Central America
Hong Kong,Asia
Hungary,Europe
Iceland,Europe
India,Asia
Indonesia,Asia
Ireland,Europe
Italy,Europe
Jamaica,Central America
Japan,Asia
Latvia,Europe
Lithuania,Europe
Luxembourg,Europe
Malaysia,Asia
Malta,Europe
Mexico,North America
Morocco,Africa
Netherlands,Europe
New Zealand,Oceania
Norway,Europe
Pakistan,Asia
Panama,Central America
Peru,South America
Philippines,Asia
Poland,Europe
Portugal,Europe
Romania,Europe
Russia,Asia
Serbia,Europe
Singapore,Asia
Slovenia,Europe
Spain,Europe
Suriname,South America
Sweden,Europe
Switzerland,Europe
Taiwan,Asia
Thailand,Asia
Trinidad and Tobago,South America
Uruguay,South America
Venezuela,South America
Vietnam,Asia